MMM,3M Company,Industrials,Industrial Conglomerates,"St. Paul, Minnesota",09/08/1976,1902,
ABT,Abbott Laboratories,Health Care,Health Care Equipment,"North Chicago, Illinois",31/03/1964,1888,
ABBV,AbbVie Inc.,Health Care,Pharmaceuticals,"North Chicago, Illinois",31/12/2012,2013 (1888),
ABMD,ABIOMED Inc,Health Care,Health Care Equipment,"Danvers, Massachusetts",31/05/2018,1981,
ACN,Accenture plc,Information Technology,IT Consulting & Other Services,"Dublin, Ireland",06/07/2011,1989,
ATVI,Activision Blizzard,Communication Services,Interactive Home Entertainment,"Santa Monica, California",31/08/2015,2008,
ADBE,Adobe Inc.,Information Technology,Application Software,"San Jose, California",05/05/1997,1982,
AMD,Advanced Micro Devices Inc,Information Technology,Semiconductors,"Santa Clara, California",20/03/2017,1969,
AAP,Advance Auto Parts,Consumer Discretionary,Automotive Retail,"Raleigh, North Carolina",09/07/2015,1932,
AES,AES Corp,Utilities,Independent Power Producers & Energy Traders,"Arlington, Virginia",02/10/1998,1981,
AFL,AFLAC Inc,Financials,Life & Health Insurance,"Columbus, Georgia",28/05/1999,1955,
A,Agilent Technologies Inc,Health Care,Health Care Equipment,"Santa Clara, California",05/06/2000,1999,
APD,Air Products & Chemicals Inc,Materials,Industrial Gases,"Allentown, Pennsylvania",30/04/1985,1940,
AKAM,Akamai Technologies Inc,Information Technology,Internet Services & Infrastructure,"Cambridge, Massachusetts",12/07/2007,1998,
ALK,Alaska Air Group Inc,Industrials,Airlines,"Seattle, Washington",13/05/2016,1985,
ALB,Albemarle Corp,Materials,Specialty Chemicals,"Charlotte, North Carolina",01/07/2016,1994,
ARE,Alexandria Real Estate Equities,Real Estate,Office REITs,"Pasadena, California",20/03/2017,1994,
ALXN,Alexion Pharmaceuticals,Health Care,Biotechnology,"Boston, Massachusetts",25/05/2012,1992,1992
ALGN,Align Technology,Health Care,Health Care Supplies,"San Jose, California",19/06/2017,1997,
ALLE,Allegion,Industrials,Building Products,"Dublin, Ireland",02/12/2013,1908,1908
AGN,"Allergan, plc",Health Care,Pharmaceuticals,"Dublin, Ireland",12/04/1999,1983,1983
ADS,Alliance Data Systems,Information Technology,Data Processing & Outsourced Services,"Plano, Texas",23/12/2013,1996,1996
LNT,Alliant Energy Corp,Utilities,Electric Utilities,"Madison, Wisconsin",01/07/2016,1917,1917
ALL,Allstate Corp,Financials,Property & Casualty Insurance,"Northfield Township, Illinois",13/07/1995,1931,1931
GOOGL,Alphabet Inc Class A,Communication Services,Interactive Media & Services,"Mountain View, California",03/04/2014,1998,1998
GOOG,Alphabet Inc Class C,Communication Services,Interactive Media & Services,"Mountain View, California",03/04/2006,1998,1998
MO,Altria Group Inc,Consumer Staples,Tobacco,"Richmond, Virginia",@,1985,
AMZN,Amazon.com Inc.,Consumer Discretionary,Internet & Direct Marketing Retail,"Seattle, Washington",18/11/2005,1994,1994
AMCR,Amcor plc,Materials,Paper Packaging,"Warmley, Bristol, United Kingdom",07/06/2019,2019 (1860),
AEE,Ameren Corp,Utilities,Multi-Utilities,"St. Louis, Missouri",19/09/1991,1902,1902
AAL,American Airlines Group,Industrials,Airlines,"Fort Worth, Texas",23/03/2015,1934,1934
AEP,American Electric Power,Utilities,Electric Utilities,"Columbus, Ohio",@,1906,
AXP,American Express Co,Financials,Consumer Finance,"New York, New York",30/06/1976,1850,1850
AIG,American International Group,Financials,Property & Casualty Insurance,"New York, New York",31/03/1980,1919,1919
T,AT&T,Communication Services,Integrated Telecommunication Services,"Dallas, Texas",1983-11-30 (1957-03-04),1983 (1885),
AMT,American Tower Corp.,Real Estate,Specialized REITs,"Boston, Massachusetts",19/11/2007,1995,1995
AWK,American Water Works Company Inc,Utilities,Water Utilities,"Camden, New Jersey",04/03/2016,1886,1886
AMP,Ameriprise Financial,Financials,Asset Management & Custody Banks,"Minneapolis, Minnesota",03/10/2005,1894,1894
ABC,AmerisourceBergen Corp,Health Care,Health Care Distributors,"Chesterbrook, Pennsylvania",30/08/2001,1985,1985
AME,AMETEK Inc.,Industrials,Electrical Components & Equipment,"Berwyn, Pennsylvania",23/09/2013,1930,1930
AMGN,Amgen Inc.,Health Care,Biotechnology,"Thousand Oaks, California",02/01/1992,1980,1980
APH,Amphenol Corp,Information Technology,Electronic Components,"Wallingford, Connecticut",30/09/2008,1932,1932
ADI,"Analog Devices, Inc.",Information Technology,Semiconductors,"Norwood, Massachusetts",12/10/1999,1965,1965
ANSS,ANSYS,Information Technology,Application Software,"Canonsburg, Pennsylvania",19/06/2017,1969,1969
ANTM,Anthem,Health Care,Managed Health Care,"Indianapolis, Indiana",25/07/2002,2014 (1940s),2014 (1940s)
AON,Aon plc,Financials,Insurance Brokers,"London, United Kingdom",23/04/1996,1982 (1919),1982 (1919)
AOS,A.O. Smith Corp,Industrials,Building Products,"Milwaukee, Wisconsin",26/07/2017,1916,1916
APA,Apache Corporation,Energy,Oil & Gas Exploration & Production,"Houston, Texas",28/07/1997,1954,1954
AIV,Apartment Investment & Management,Real Estate,Residential REITs,"Denver, Colorado",14/03/2003,1994 (1975),1994 (1975)
AAPL,Apple Inc.,Information Technology,"Technology Hardware, Storage & Peripherals","Cupertino, California",30/11/1982,1977,1977
AMAT,Applied Materials Inc.,Information Technology,Semiconductor Equipment,"Santa Clara, California",16/03/1995,1967,1967
APTV,Aptiv PLC,Consumer Discretionary,Auto Parts & Equipment,"Dublin, Ireland",24/12/2012,1994,1994
ADM,Archer-Daniels-Midland Co,Consumer Staples,Agricultural Products,"Chicago, Illinois",29/07/1981,1902,1902
ARNC,Arconic Inc.,Industrials,Aerospace & Defense,"New York, New York",31/03/1964,2016,
ANET,Arista Networks,Information Technology,Communications Equipment,"Santa Clara, California",28/08/2018,2004,
AJG,Arthur J. Gallagher & Co.,Financials,Insurance Brokers,"Itasca, Illinois",31/05/2016,@,
AIZ,Assurant,Financials,Multi-line Insurance,"New York, New York",10/04/2007,@,
ATO,Atmos Energy Corp,Utilities,Gas Utilities,"Dallas, Texas",15/02/2019,1906,
ADSK,Autodesk Inc.,Information Technology,Application Software,"San Rafael, California",01/12/1989,@,
ADP,Automatic Data Processing,Information Technology,Internet Services & Infrastructure,"Roseland, New Jersey",31/03/1981,@,
AZO,AutoZone Inc,Consumer Discretionary,Specialty Stores,"Memphis, Tennessee",02/01/1997,@,
AVB,"AvalonBay Communities, Inc.",Real Estate,Residential REITs,"Arlington, Virginia[3]",10/01/2007,@,
AVY,Avery Dennison Corp,Materials,Paper Packaging,"Glendale, California",31/12/1987,@,
BKR,Baker Hughes Co,Energy,Oil & Gas Equipment & Services,"Houston, Texas",07/07/2017,2017,
BLL,Ball Corp,Materials,Metal & Glass Containers,"Broomfield, Colorado",31/10/1984,@,
BAC,Bank of America Corp,Financials,Diversified Banks,"Charlotte, North Carolina",30/06/1976,@,
BK,The Bank of New York Mellon Corp.,Financials,Asset Management & Custody Banks,"New York, New York",31/03/1995,@,
BAX,Baxter International Inc.,Health Care,Health Care Equipment,"Deerfield, Illinois",30/09/1972,1931,
BDX,Becton Dickinson,Health Care,Health Care Equipment,"Franklin Lakes, New Jersey",30/09/1972,1897,
BRK.B,Berkshire Hathaway,Financials,Multi-Sector Holdings,"Omaha, Nebraska",16/02/2010,@,
BBY,Best Buy Co. Inc.,Consumer Discretionary,Computer & Electronics Retail,"Richfield, Minnesota",29/06/1999,@,
BIIB,Biogen Inc.,Health Care,Biotechnology,"Cambridge, Massachusetts",13/11/2003,@,
BLK,BlackRock,Financials,Asset Management & Custody Banks,"New York, New York",04/04/2011,@,
BA,Boeing Company,Industrials,Aerospace & Defense,"Chicago, Illinois",@,1916,
BKNG,Booking Holdings Inc,Consumer Discretionary,Internet & Direct Marketing Retail,"Norwalk, Connecticut",06/11/2009,@,
BWA,BorgWarner,Consumer Discretionary,Auto Parts & Equipment,"Auburn Hills, Michigan",19/12/2011,@,
BXP,Boston Properties,Real Estate,Office REITs,"Boston, Massachusetts",03/04/2006,@,
BSX,Boston Scientific,Health Care,Health Care Equipment,"Marlborough, Massachusetts[4]",24/02/1995,@,
BMY,Bristol-Myers Squibb,Health Care,Health Care Distributors,"New York, New York",@,1989,
AVGO,Broadcom Inc.,Information Technology,Semiconductors,"San Jose, California",08/05/2014,1961,
BR,Broadridge Financial Solutions,Information Technology,Data Processing & Outsourced Services,"Lake Success, New York",18/06/2018,1962,
BF.B,Brown-Forman Corp.,Consumer Staples,Distillers & Vintners,"Louisville, Kentucky",31/10/1982,@,
CHRW,C. H. Robinson Worldwide,Industrials,Air Freight & Logistics,"Eden Prairie, Minnesota",02/03/2007,@,
COG,Cabot Oil & Gas,Energy,Oil & Gas Exploration & Production,"Houston, Texas",23/06/2008,@,
CDNS,Cadence Design Systems,Information Technology,Application Software,"San Jose, California",18/09/2017,@,
CPB,Campbell Soup,Consumer Staples,Packaged Foods & Meats,"Camden, New Jersey",@,1869,
COF,Capital One Financial,Financials,Consumer Finance,"Tysons Corner, Virginia",01/07/1998,1935,
CPRI,Capri Holdings,Consumer Discretionary,"Apparel, Accessories & Luxury Goods","New York, New York",13/11/2013,@,
CAH,Cardinal Health Inc.,Health Care,Health Care Distributors,"Dublin, Ohio",27/05/1997,@,
KMX,Carmax Inc,Consumer Discretionary,Specialty Stores,"Richmond, Virginia",28/06/2010,@,
CCL,Carnival Corp.,Consumer Discretionary,"Hotels, Resorts & Cruise Lines","Miami, Florida",22/12/1998,@,
CAT,Caterpillar Inc.,Industrials,Construction Machinery & Heavy Trucks,"Deerfield, Illinois",@,1925,
CBOE,Cboe Global Markets,Financials,Financial Exchanges & Data,"Chicago, Illinois",01/03/2017,@,
CBRE,CBRE Group,Real Estate,Real Estate Services,"Los Angeles, California",10/11/2006,@,
CDW,CDW,Information Technology,Technology Distributors,"Lincolnshire, Illinois",23/09/2019,1984,
CE,Celanese,Materials,Specialty Chemicals,"Irving, Texas",24/12/2018,1918,
CNC,Centene Corporation,Health Care,Managed Health Care,"St Louis, Missouri",30/03/2016,@,
CNP,CenterPoint Energy,Utilities,Multi-Utilities,"Houston, Texas",31/07/1985,@,
CTL,CenturyLink Inc,Communication Services,Alternative Carriers,"Monroe, Louisiana",25/03/1999,@,
CERN,Cerner,Health Care,Health Care Technology,"North Kansas City, Missouri",30/04/2010,@,
CF,CF Industries Holdings Inc,Materials,Fertilizers & Agricultural Chemicals,"Deerfield, Illinois",27/08/2008,@,
SCHW,Charles Schwab Corporation,Financials,Investment Banking & Brokerage,"San Francisco, California",02/06/1997,@,
CHTR,Charter Communications,Communication Services,Cable & Satellite,"Stamford, Connecticut",08/09/2016,@,
CVX,Chevron Corp.,Energy,Integrated Oil & Gas,"San Ramon, California",@,1879,
CMG,Chipotle Mexican Grill,Consumer Discretionary,Restaurants,"Newport Beach, California",28/04/2011,@,
CB,Chubb Limited,Financials,Property & Casualty Insurance,"Zurich, Switzerland",15/07/2010,@,
CHD,Church & Dwight,Consumer Staples,Household Products,"Ewing, New Jersey",29/12/2015,@,
CI,CIGNA Corp.,Health Care,Managed Health Care,"Bloomfield, Connecticut",30/06/1976,@,
CINF,Cincinnati Financial,Financials,Property & Casualty Insurance,"Fairfield, Ohio",18/12/1997,@,
CTAS,Cintas Corporation,Industrials,Diversified Support Services,"Mason, Ohio",01/03/2001,@,
CSCO,Cisco Systems,Information Technology,Communications Equipment,"San Jose, California",01/12/1993,@,
C,Citigroup Inc.,Financials,Diversified Banks,"New York, New York",31/05/1988,@,
CFG,Citizens Financial Group,Financials,Regional Banks,"Providence, Rhode Island",29/01/2016,@,
CTXS,Citrix Systems,Information Technology,Application Software,"Fort Lauderdale, Florida",01/12/1999,@,
CLX,The Clorox Company,Consumer Staples,Household Products,"Oakland, California",31/03/1969,1913,
CME,CME Group Inc.,Financials,Financial Exchanges & Data,"Chicago, Illinois",11/08/2006,@,
CMS,CMS Energy,Utilities,Multi-Utilities,"Jackson, Michigan",03/05/1999,@,
KO,Coca-Cola Company,Consumer Staples,Soft Drinks,"Atlanta, Georgia",@,1886,
CTSH,Cognizant Technology Solutions,Information Technology,IT Consulting & Other Services,"Teaneck, New Jersey",17/11/2006,@,
CL,Colgate-Palmolive,Consumer Staples,Household Products,"New York, New York",@,1806,
CMCSA,Comcast Corp.,Communication Services,Cable & Satellite,"Philadelphia, Pennsylvania",18/09/2015,@,
CMA,Comerica Inc.,Financials,Diversified Banks,"Dallas, Texas",01/12/1995,@,
CAG,Conagra Brands,Consumer Staples,Packaged Foods & Meats,"Chicago, Illinois",31/08/1983,@,
CXO,Concho Resources,Energy,Oil & Gas Exploration & Production,"Midland, Texas",22/02/2016,@,
COP,ConocoPhillips,Energy,Oil & Gas Exploration & Production,"Houston, Texas",@,2002,
ED,Consolidated Edison,Utilities,Electric Utilities,"New York, New York",@,1823,
STZ,Constellation Brands,Consumer Staples,Distillers & Vintners,"Victor, New York",01/07/2005,@,
COO,The Cooper Companies,Health Care,Health Care Supplies,"San Ramon, California",23/09/2016,@,
CPRT,Copart Inc,Industrials,Diversified Support Services,"Dallas, Texas",02/07/2018,@,
GLW,Corning Inc.,Information Technology,Electronic Components,"Corning, New York",@,1851,
CTVA,Corteva,Materials,Fertilizers & Agricultural Chemicals,"Wilmington, Delaware",03/06/2019,2019,
COST,Costco Wholesale Corp.,Consumer Staples,Hypermarkets & Super Centers,"Issaquah, Washington",01/10/1993,@,
COTY,"Coty, Inc",Consumer Staples,Personal Products,"New York, New York",03/10/2016,@,
CCI,Crown Castle International Corp.,Real Estate,Specialized REITs,"Houston, Texas",14/03/2012,@,
CSX,CSX Corp.,Industrials,Railroads,"Jacksonville, Florida",30/09/1967,1980,
CMI,Cummins Inc.,Industrials,Industrial Machinery,"Columbus, Indiana",31/03/1965,1919,
CVS,CVS Health,Health Care,Health Care Services,"Woonsocket, Rhode Island",@,1996,
DHI,D. R. Horton,Consumer Discretionary,Homebuilding,"Fort Worth, Texas",@,1978,
DHR,Danaher Corp.,Health Care,Health Care Equipment,"Washington, D.C.",@,1969,
DRI,Darden Restaurants,Consumer Discretionary,Restaurants,"Orlando, Florida",@,1938,
DVA,DaVita Inc.,Health Care,Health Care Facilities,"Denver, Colorado",31/07/2008,@,
DE,Deere & Co.,Industrials,Agricultural & Farm Machinery,"Moline, Illinois",@,1837,
DAL,Delta Air Lines Inc.,Industrials,Airlines,"Atlanta, Georgia",11/09/2013,@,
XRAY,Dentsply Sirona,Health Care,Health Care Supplies,"York, Pennsylvania",14/11/2008,@,
DVN,Devon Energy,Energy,Oil & Gas Exploration & Production,"Oklahoma City, Oklahoma",30/08/2000,@,
FANG,Diamondback Energy,Energy,Oil & Gas Exploration & Production,"Midland, Texas",03/12/2018,2007,
DLR,Digital Realty Trust Inc,Real Estate,Specialized REITs,"San Francisco, California",18/05/2016,@,
DFS,Discover Financial Services,Financials,Consumer Finance,"Riverwoods, Illinois",02/07/2007,@,
DISCA,Discovery Inc. Class A,Communication Services,Broadcasting,"Silver Spring, Maryland",01/03/2010,@,
DISCK,Discovery Inc. Class C,Communication Services,Broadcasting,"Silver Spring, Maryland",07/08/2014,@,
DISH,Dish Network,Communication Services,Cable & Satellite,"Meridian, Colorado",13/03/2017,@,
DG,Dollar General,Consumer Discretionary,General Merchandise Stores,"Goodlettsville, Tennessee",03/12/2012,@,
DLTR,Dollar Tree,Consumer Discretionary,General Merchandise Stores,"Chesapeake, Virginia",19/12/2011,@,
D,Dominion Energy,Utilities,Electric Utilities,"Richmond, Virginia",@,1983,
DOV,Dover Corp.,Industrials,Industrial Machinery,"Downers Grove, Illinois",31/10/1985,@,
DOW,Dow Inc.,Materials,Commodity Chemicals,"Midland, Michigan",01/04/2019,2019,
DTE,DTE Energy Co.,Utilities,Multi-Utilities,"Detroit, Michigan",@,1995,
DUK,Duke Energy,Utilities,Electric Utilities,"Charlotte, North Carolina",30/06/1976,@,
DRE,Duke Realty Corp,Real Estate,Industrial REITs,"Indianapolis, Indiana",26/07/2017,@,
DD,DuPont de Nemours Inc,Materials,Specialty Chemicals,"Midland, Michigan",02/04/2019,2017,
DXC,DXC Technology,Information Technology,IT Consulting & Other Services,"Tysons Corner, Virginia",04/04/2017,2017,
ETFC,E*Trade,Financials,Investment Banking & Brokerage,"New York, New York",31/03/2004,@,
EMN,Eastman Chemical,Materials,Diversified Chemicals,"Kingsport, Tennessee",01/01/1994,@,
ETN,Eaton Corporation,Industrials,Electrical Components & Equipment,"Dublin, Ireland",@,1911,
EBAY,eBay Inc.,Consumer Discretionary,Internet & Direct Marketing Retail,"San Jose, California",@,1995,
ECL,Ecolab Inc.,Materials,Specialty Chemicals,"St. Paul, Minnesota",31/01/1989,@,
EIX,Edison Int'l,Utilities,Electric Utilities,"Rosemead, California",@,1886,
EW,Edwards Lifesciences,Health Care,Health Care Equipment,"Irvine, California",01/04/2011,@,
EA,Electronic Arts,Communication Services,Interactive Home Entertainment,"Redwood City, California",22/07/2002,@,
EMR,Emerson Electric Company,Industrials,Electrical Components & Equipment,"Ferguson, Missouri",31/03/1965,1890,
ETR,Entergy Corp.,Utilities,Electric Utilities,"New Orleans, Louisiana",@,1913,
EOG,EOG Resources,Energy,Oil & Gas Exploration & Production,"Houston, Texas",02/11/2000,@,
EFX,Equifax Inc.,Industrials,Research & Consulting Services,"Atlanta, Georgia",19/06/1997,@,
EQIX,Equinix,Real Estate,Specialized REITs,"Redwood City, California",20/03/2015,@,
EQR,Equity Residential,Real Estate,Residential REITs,"Chicago, Illinois",03/12/2001,@,
ESS,"Essex Property Trust, Inc.",Real Estate,Residential REITs,"Palo Alto, California",02/04/2014,@,
EL,Est��e Lauder Compa,Consumer Staples,Personal Products,"New York, New York",05/01/2006,@,
EVRG,Evergy,Utilities,Electric Utilities,"Kansas City, Missouri",05/06/2018,1909,
ES,Eversource Energy,Utilities,Multi-Utilities,"Springfield, Massachusetts",@,1966,
RE,Everest Re Group Ltd.,Financials,Reinsurance,"Hamilton, Bermuda",19/06/2017,@,
EXC,Exelon Corp.,Utilities,Multi-Utilities,"Chicago, Illinois",@,2000,
EXPE,Expedia Group,Consumer Discretionary,Internet & Direct Marketing Retail,"Seattle, Washington",02/10/2007,@,
EXPD,Expeditors,Industrials,Air Freight & Logistics,"Seattle, Washington",10/10/2007,@,
EXR,Extra Space Storage,Real Estate,Specialized REITs,"Salt Lake City, Utah",19/01/2016,@,
XOM,Exxon Mobil Corp.,Energy,Integrated Oil & Gas,"Irving, Texas",@,1999,
FFIV,F5 Networks,Information Technology,Communications Equipment,"Seattle, Washington",20/12/2010,1996,
FB,"Facebook, Inc.",Communication Services,Interactive Media & Services,"Menlo Park, California",23/12/2013,@,
FAST,Fastenal Co,Industrials,Building Products,"Winona, Minnesota",15/09/2008,@,
FRT,Federal Realty Investment Trust,Real Estate,Retail REITs,"Rockville, Maryland",01/02/2016,@,
FDX,FedEx Corporation,Industrials,Air Freight & Logistics,"Memphis, Tennessee",31/12/1980,@,
FIS,Fidelity National Information Services,Information Technology,Data Processing & Outsourced Services,"Jacksonville, Florida",10/11/2006,@,
FITB,Fifth Third Bancorp,Financials,Regional Banks,"Cincinnati, Ohio",@,1858,
FE,FirstEnergy Corp,Utilities,Electric Utilities,"Akron, Ohio",@,1997,
FRC,First Republic Bank,Financials,Regional Banks,"San Francisco, California",02/01/2019,1985,
FISV,Fiserv Inc,Information Technology,Data Processing & Outsourced Services,"Brookfield, Wisconsin",02/04/2001,@,
FLT,FleetCor Technologies Inc,Information Technology,Data Processing & Outsourced Services,"Norcross, Georgia",20/06/2018,2000,
FLIR,FLIR Systems,Information Technology,Electronic Equipment & Instruments,"Wilsonville, Oregon",02/01/2009,@,
FLS,Flowserve Corporation,Industrials,Industrial Machinery,"Irving, Texas",02/10/2008,@,
FMC,FMC Corporation,Materials,Fertilizers & Agricultural Chemicals,"Philadelphia, Pennsylvania",19/08/2009,@,
F,Ford Motor Company,Consumer Discretionary,Automobile Manufacturers,"Dearborn, Michigan",@,1903,
FTNT,Fortinet,Information Technology,Systems Software,"Sunnyvale, California",11/10/2018,2000,
FTV,Fortive Corp,Industrials,Industrial Machinery,"Everett, Washington",01/07/2016,2016,
FBHS,Fortune Brands Home & Security,Industrials,Building Products,"Deerfield, Illinois",22/06/2016,@,
FOXA,Fox Corporation Class A,Communication Services,Movies & Entertainment,"New York, New York",01/07/2013,@,
FOX,Fox Corporation Class B,Communication Services,Movies & Entertainment,"New York, New York",18/09/2015,@,
BEN,Franklin Resources,Financials,Asset Management & Custody Banks,"San Mateo, California",@,1947,
FCX,Freeport-McMoRan Inc.,Materials,Copper,"Phoenix, Arizona",@,1912,
GPS,Gap Inc.,Consumer Discretionary,Apparel Retail,"San Francisco, California",31/08/1986,@,
GRMN,Garmin Ltd.,Consumer Discretionary,Consumer Electronics,"Schaffhausen, Switzerland",12/12/2012,@,
IT,Gartner Inc,Information Technology,IT Consulting & Other Services,"Stamford, Connecticut",05/04/2017,@,
GD,General Dynamics,Industrials,Aerospace & Defense,"Falls Church, Virginia",@,1899,
GE,General Electric,Industrials,Industrial Conglomerates,"Boston, Massachusetts",@,1892,
GIS,General Mills,Consumer Staples,Packaged Foods & Meats,"Golden Valley, Minnesota",31/03/1969,1856,
GM,General Motors,Consumer Discretionary,Automobile Manufacturers,"Detroit, Michigan",06/06/2013,@,
GPC,Genuine Parts,Consumer Discretionary,Specialty Stores,"Atlanta, Georgia",31/12/1973,1925,
GILD,Gilead Sciences,Health Care,Biotechnology,"Foster City, California",01/07/2004,@,
GL,Globe Life Inc.,Financials,Life & Health Insurance,"McKinney, Texas",30/04/1989,@,
GPN,Global Payments Inc.,Information Technology,Data Processing & Outsourced Services,"Atlanta, Georgia",25/04/2016,@,
GS,Goldman Sachs Group,Financials,Investment Banking & Brokerage,"New York, New York",22/07/2002,@,
GWW,Grainger (W.W.) Inc.,Industrials,Industrial Machinery,"Lake Forest, Illinois",30/06/1981,@,
HRB,H&R Block,Consumer Discretionary,Specialized Consumer Services,"Kansas City, Missouri",30/11/1986,@,
HAL,Halliburton Co.,Energy,Oil & Gas Equipment & Services,"Houston, Texas",@,1919,
HBI,Hanesbrands Inc,Consumer Discretionary,"Apparel, Accessories & Luxury Goods","Winston-Salem, North Carolina",20/03/2015,2000,
HOG,Harley-Davidson,Consumer Discretionary,Motorcycle Manufacturers,"Milwaukee, Wisconsin",@,1903,
HIG,Hartford Financial Svc.Gp.,Financials,Property & Casualty Insurance,"Hartford, Connecticut",@,@,
HAS,Hasbro Inc.,Consumer Discretionary,Leisure Products,"Pawtucket, Rhode Island",30/09/1984,@,
HCA,HCA Healthcare,Health Care,Health Care Facilities,"Nashville, Tennessee",27/01/2015,@,
PEAK,Healthpeak Properties,Real Estate,Health Care REITs,"Long Beach, California",31/03/2008,@,
HP,Helmerich & Payne,Energy,Oil & Gas Drilling,"Tulsa, Oklahoma[5]",01/03/2010,@,
HSIC,Henry Schein,Health Care,Health Care Distributors,"Melville, New York",17/03/2015,@,
HSY,The Hershey Company,Consumer Staples,Packaged Foods & Meats,"Hershey, Pennsylvania",@,1894,
HES,Hess Corporation,Energy,Integrated Oil & Gas,"New York, New York",31/05/1984,@,
HPE,Hewlett Packard Enterprise,Information Technology,"Technology Hardware, Storage & Peripherals","Palo Alto, California",02/11/2015,2015,
HLT,Hilton Worldwide Holdings Inc,Consumer Discretionary,"Hotels, Resorts & Cruise Lines","Tysons Corner, Virginia",19/06/2017,@,
HFC,HollyFrontier Corp,Energy,Oil & Gas Refining & Marketing,"Dallas, Texas",18/06/2018,@,
HOLX,Hologic,Health Care,Health Care Equipment,"Marlborough, Massachusetts",30/03/2016,@,
HD,Home Depot,Consumer Discretionary,Home Improvement Retail,"Atlanta, Georgia",31/03/1988,@,
HON,Honeywell Int'l Inc.,Industrials,Industrial Conglomerates,"Morristown, New Jersey",31/03/1964,1906,
HRL,Hormel Foods Corp.,Consumer Staples,Packaged Foods & Meats,"Austin, Minnesota",04/03/2009,@,
HST,Host Hotels & Resorts,Real Estate,Hotel & Resort REITs,"Bethesda, Maryland",20/03/2007,@,
HPQ,HP Inc.,Information Technology,"Technology Hardware, Storage & Peripherals","Palo Alto, California",31/12/1974,1939 (2015),
HUM,Humana Inc.,Health Care,Managed Health Care,"Louisville, Kentucky",@,1961,
HBAN,Huntington Bancshares,Financials,Regional Banks,"Columbus, Ohio",@,1866,
HII,Huntington Ingalls Industries,Industrials,Aerospace & Defense,"Newport News, Virginia",03/01/2018,@,
IEX,IDEX Corporation,Industrials,Industrial Machinery,"Lake Forest, Illinois",09/08/2019,1988,
IDXX,IDEXX Laboratories,Health Care,Health Care Equipment,"Westbrook, Maine",05/01/2017,@,
INFO,IHS Markit Ltd.,Industrials,Research & Consulting Services,"London, United Kingdom",02/06/2017,@,
ITW,Illinois Tool Works,Industrials,Industrial Machinery,"Glenview, Illinois",28/02/1986,@,
ILMN,Illumina Inc,Health Care,Life Sciences Tools & Services,"San Diego, California",19/11/2015,@,
INCY,Incyte,Health Care,Biotechnology,"Wilmington, Delaware",28/02/2017,@,
IR,Ingersoll Rand,Industrials,Industrial Machinery,"Milwaukee, Wisconsin",03/03/2020,@,
INTC,Intel Corp.,Information Technology,Semiconductors,"Santa Clara, California",31/12/1976,@,
ICE,Intercontinental Exchange,Financials,Financial Exchanges & Data,"Atlanta, Georgia",26/09/2007,@,
IBM,International Business Machines,Information Technology,IT Consulting & Other Services,"Armonk, New York",@,1911,
IP,International Paper,Materials,Paper Packaging,"Memphis, Tennessee",@,1898,
IPG,Interpublic Group,Communication Services,Advertising,"New York, New York",01/10/1992,@,
IFF,Intl Flavors & Fragrances,Materials,Specialty Chemicals,"New York, New York",31/03/1976,@,
INTU,Intuit Inc.,Information Technology,Application Software,"Mountain View, California",05/12/2000,@,
ISRG,Intuitive Surgical Inc.,Health Care,Health Care Equipment,"Sunnyvale, California",02/06/2008,@,
IVZ,Invesco Ltd.,Financials,Asset Management & Custody Banks,"Atlanta, Georgia",21/08/2008,@,
IPGP,IPG Photonics Corp.,Information Technology,Electronic Manufacturing Services,"Oxford, Massachusetts",07/03/2018,@,
IQV,IQVIA Holdings Inc.,Health Care,Life Sciences Tools & Services,"Durham, North Carolina",29/08/2017,@,
IRM,Iron Mountain Incorporated,Real Estate,Specialized REITs,"Boston, Massachusetts",06/01/2009,@,
JKHY,Jack Henry & Associates,Information Technology,Data Processing & Outsourced Services,"Monett, Missouri",13/11/2018,1976,
J,Jacobs Engineering Group,Industrials,Construction & Engineering,"Dallas, Texas",26/10/2007,@,
JBHT,J. B. Hunt Transport Services,Industrials,Trucking,"Lowell, Arkansas",01/07/2015,@,
SJM,JM Smucker,Consumer Staples,Packaged Foods & Meats,"Orrville, Ohio",06/11/2008,@,
JNJ,Johnson & Johnson,Health Care,Pharmaceuticals,"New Brunswick, New Jersey",30/06/1973,1886,
JCI,Johnson Controls International,Industrials,Building Products,"Cork, Ireland",27/08/2010,@,
JPM,JPMorgan Chase & Co.,Financials,Diversified Banks,"New York, New York",30/06/1975,@,
JNPR,Juniper Networks,Information Technology,Communications Equipment,"Sunnyvale, California",02/06/2006,1996,
KSU,Kansas City Southern,Industrials,Railroads,"Kansas City, Missouri",24/05/2013,@,
K,Kellogg Co.,Consumer Staples,Packaged Foods & Meats,"Battle Creek, Michigan",@,1906,
KEY,KeyCorp,Financials,Regional Banks,"Cleveland, Ohio",01/03/1994,@,
KEYS,Keysight Technologies,Information Technology,Electronic Equipment & Instruments,"Santa Rosa, California",06/11/2018,2014,
KMB,Kimberly-Clark,Consumer Staples,Household Products,"Irving, Texas",@,1872,
KIM,Kimco Realty,Real Estate,Retail REITs,"New Hyde Park, New York",04/04/2006,@,
KMI,Kinder Morgan,Energy,Oil & Gas Storage & Transportation,"Houston, Texas",25/05/2012,@,
KLAC,KLA Corporation,Information Technology,Semiconductor Equipment,"Milpitas, California",@,1975/1977 (1997),
KSS,Kohl's Corp.,Consumer Discretionary,General Merchandise Stores,"Menomonee Falls, Wisconsin",@,1962,
KHC,Kraft Heinz Co,Consumer Staples,Packaged Foods & Meats,"Chicago, Illinois; Pittsburgh, Pennsylvania",06/07/2015,2015 (1869),
KR,Kroger Co.,Consumer Staples,Food Retail,"Cincinnati, Ohio",@,1883,
LB,L Brands Inc.,Consumer Discretionary,Apparel Retail,"Columbus, Ohio",30/09/1983,@,
LHX,L3Harris Technologies,Industrials,Aerospace & Defense,"Melbourne, Florida",@,@,
LH,Laboratory Corp. of America Holding,Health Care,Health Care Services,"Burlington, North Carolina",01/11/2004,@,
LRCX,Lam Research,Information Technology,Semiconductor Equipment,"Fremont, California",29/06/2012,@,
LW,Lamb Weston Holdings Inc,Consumer Staples,Packaged Foods & Meats,"Eagle, Idaho",03/12/2018,2016 (1950),
LVS,Las Vegas Sands,Consumer Discretionary,Casinos & Gaming,"Las Vegas, Nevada",03/10/2019,1988,
LEG,Leggett & Platt,Consumer Discretionary,Home Furnishings,"Carthage, Missouri",@,1883,
LDOS,Leidos Holdings,Information Technology,IT Consulting & Other Services,"Reston, Virginia",09/08/2019,1969,
LEN,Lennar Corp.,Consumer Discretionary,Homebuilding,"Miami, Florida",04/10/2005,@,
LLY,Lilly (Eli) & Co.,Health Care,Pharmaceuticals,"Indianapolis, Indiana",31/12/1970,1876,
LNC,Lincoln National,Financials,Multi-line Insurance,"Radnor, Pennsylvania",30/06/1976,@,
LIN,Linde plc,Materials,Industrial Gases,"Guildford, Surrey, United Kingdom",01/07/1992,1879,
LYV,Live Nation Entertainment,Communication Services,Movies & Entertainment,"Beverly Hills, California",23/12/2019,2010,
LKQ,LKQ Corporation,Consumer Discretionary,Distributors,"Chicago, Illinois",23/05/2016,@,
LMT,Lockheed Martin Corp.,Industrials,Aerospace & Defense,"Bethesda, Maryland",31/07/1984,@,
L,Loews Corp.,Financials,Multi-line Insurance,"New York, New York",@,@,
LOW,Lowe's Cos.,Consumer Discretionary,Home Improvement Retail,"Mooresville, North Carolina",29/02/1984,1904/1946/1959,
LYB,LyondellBasell,Materials,Specialty Chemicals,"Rotterdam, Netherlands",05/09/2012,@,
MTB,M&T Bank Corp.,Financials,Regional Banks,"Buffalo, New York",@,1856,
M,Macy's Inc.,Consumer Discretionary,Department Stores,"Cincinnati, Ohio",@,1929,
MRO,Marathon Oil Corp.,Energy,Oil & Gas Exploration & Production,"Houston, Texas",01/05/1991,@,
MPC,Marathon Petroleum,Energy,Oil & Gas Refining & Marketing,"Findlay, Ohio",01/07/2011,@,
MKTX,MarketAxess,Financials,Financial Exchanges & Data,"New York, New York",01/07/2019,2000,2000
MAR,Marriott Int'l.,Consumer Discretionary,"Hotels, Resorts & Cruise Lines","Bethesda, Maryland",@,1927,
MMC,Marsh & McLennan,Financials,Insurance Brokers,"New York, New York",31/08/1987,@,
MLM,Martin Marietta Materials,Materials,Construction Materials,"Raleigh, North Carolina",02/07/2014,@,
MAS,Masco Corp.,Industrials,Building Products,"Livonia, Michigan",30/06/1981,@,
MA,Mastercard Inc.,Information Technology,Data Processing & Outsourced Services,"Harrison, New York",18/07/2008,@,
MKC,McCormick & Co.,Consumer Staples,Packaged Foods & Meats,"Hunt Valley, Maryland",@,1889,
MXIM,Maxim Integrated Products Inc,Information Technology,Semiconductors,"San Jose, California",03/12/2018,1983,
MCD,McDonald's Corp.,Consumer Discretionary,Restaurants,"Chicago, Illinois",30/06/1970,1940,
MCK,McKesson Corp.,Health Care,Health Care Distributors,"Irving, Texas",@,1833,
MDT,Medtronic plc,Health Care,Health Care Equipment,"Dublin, Ireland",31/10/1986,1949,
MRK,Merck & Co.,Health Care,Pharmaceuticals,"Kenilworth, New Jersey",@,1891,
MET,MetLife Inc.,Financials,Life & Health Insurance,"New York, New York",@,1868,
MTD,Mettler Toledo,Health Care,Life Sciences Tools & Services,"Columbus, Ohio",06/09/2016,@,
MGM,MGM Resorts International,Consumer Discretionary,Casinos & Gaming,"Paradise, Nevada",26/07/2017,@,
MCHP,Microchip Technology,Information Technology,Semiconductors,"Chandler, Arizona",07/09/2007,@,
MU,Micron Technology,Information Technology,Semiconductors,"Boise, Idaho",27/09/1994,@,
MSFT,Microsoft Corp.,Information Technology,Systems Software,"Redmond, Washington",01/06/1994,1975,
MAA,Mid-America Apartments,Real Estate,Residential REITs,"Memphis, Tennessee",02/12/2016,@,
MHK,Mohawk Industries,Consumer Discretionary,Home Furnishings,"Calhoun, Georgia",23/12/2013,@,
TAP,Molson Coors Brewing Company,Consumer Staples,Brewers,"Denver, Colorado",30/06/1976,@,
MDLZ,Mondelez International,Consumer Staples,Packaged Foods & Meats,"Deerfield, Illinois",02/10/2012,@,
MNST,Monster Beverage,Consumer Staples,Soft Drinks,"Corona, California",28/06/2012,@,
MCO,Moody's Corp,Financials,Financial Exchanges & Data,"New York, New York",@,1909,
MS,Morgan Stanley,Financials,Investment Banking & Brokerage,"New York, New York",@,1935,
MOS,The Mosaic Company,Materials,Fertilizers & Agricultural Chemicals,"Tampa, Florida",26/09/2011,@,
MSI,Motorola Solutions Inc.,Information Technology,Communications Equipment,"Chicago, Illinois",@,1928 (2011),
MSCI,MSCI Inc,Financials,Financial Exchanges & Data,"New York, New York",04/04/2018,@,
MYL,Mylan N.V.,Health Care,Pharmaceuticals,"Amsterdam, Netherlands",23/04/2004,1961,
NDAQ,"Nasdaq, Inc.",Financials,Financial Exchanges & Data,"New York, New York",22/10/2008,@,
NOV,National Oilwell Varco Inc.,Energy,Oil & Gas Equipment & Services,"Houston, Texas",14/03/2005,@,
NTAP,NetApp,Information Technology,"Technology Hardware, Storage & Peripherals","Sunnyvale, California",25/06/1999,@,
NFLX,Netflix Inc.,Communication Services,Movies & Entertainment,"Los Gatos, California",20/12/2010,1997,
NWL,Newell Brands,Consumer Discretionary,Housewares & Specialties,"Atlanta, Georgia",30/04/1989,@,
NEM,Newmont Corporation,Materials,Gold,"Denver, Colorado",30/06/1969,1921,
NWSA,News Corp. Class A,Communication Services,Publishing,"New York, New York",01/08/2013,@,
NWS,News Corp. Class B,Communication Services,Publishing,"New York, New York",18/09/2015,@,
NEE,NextEra Energy,Utilities,Multi-Utilities,"Juno Beach, Florida",30/06/1976,@,
NLSN,Nielsen Holdings,Industrials,Research & Consulting Services,"New York, New York",09/07/2013,@,
NKE,Nike,Consumer Discretionary,"Apparel, Accessories & Luxury Goods","Washington County, Oregon",30/11/1988,@,
NI,NiSource Inc.,Utilities,Multi-Utilities,"Merrillville, Indiana",@,1912,
NBL,Noble Energy Inc,Energy,Oil & Gas Exploration & Production,"Houston, Texas",08/10/2007,@,
JWN,Nordstrom,Consumer Discretionary,Department Stores,"Seattle, Washington",31/08/1986,@,
NSC,Norfolk Southern Corp.,Industrials,Railroads,"Norfolk, Virginia",@,1881/1894 (1980),
NTRS,Northern Trust Corp.,Financials,Asset Management & Custody Banks,"Chicago, Illinois",@,1889,
NOC,Northrop Grumman,Industrials,Aerospace & Defense,"West Falls Church, Virginia",30/06/1985,@,
NLOK,NortonLifeLock,Information Technology,Application Software,"Tempe, Arizona",25/03/2003,@,
NCLH,Norwegian Cruise Line Holdings,Consumer Discretionary,"Hotels, Resorts & Cruise Lines","Miami, Florida",13/10/2017,@,
NRG,NRG Energy,Utilities,Independent Power Producers & Energy Traders,"Princeton, New Jersey",29/01/2010,@,
NUE,Nucor Corp.,Materials,Steel,"Charlotte, North Carolina",30/04/1985,@,
NVDA,Nvidia Corporation,Information Technology,Semiconductors,"Santa Clara, California",30/11/2001,@,
NVR,NVR Inc,Consumer Discretionary,Homebuilding,"Reston, VA",26/09/2019,1980,
ORLY,O'Reilly Automotive,Consumer Discretionary,Specialty Stores,"Springfield, Missouri",27/03/2009,@,
OXY,Occidental Petroleum,Energy,Oil & Gas Exploration & Production,"Houston, Texas",31/12/1982,@,
ODFL,Old Dominion Freight Line,Industrials,Trucking,"Thomasville, North Carolina",09/12/2019,1934,
OMC,Omnicom Group,Communication Services,Advertising,"New York, New York",@,1986,
OKE,ONEOK,Energy,Oil & Gas Storage & Transportation,"Tulsa, Oklahoma",15/03/2010,@,
ORCL,Oracle Corp.,Information Technology,Application Software,"Redwood Shores, California",31/08/1989,@,
PCAR,PACCAR Inc.,Industrials,Construction Machinery & Heavy Trucks,"Bellevue, Washington",31/12/1980,@,
PKG,Packaging Corporation of America,Materials,Paper Packaging,"Lake Forest, Illinois",26/07/2017,@,
PH,Parker-Hannifin,Industrials,Industrial Machinery,"Cleveland, Ohio",30/11/1985,@,
PAYX,Paychex Inc.,Information Technology,Data Processing & Outsourced Services,"Penfield, New York",@,1971,
PAYC,Paycom,Information Technology,Application Software,"Oklahoma City, Oklahoma",28/01/2020,1998,
PYPL,PayPal,Information Technology,Data Processing & Outsourced Services,"San Jose, California",20/07/2015,1998,
PNR,Pentair plc,Industrials,Industrial Machinery,"Worsley, UK",01/10/2012,@,
PBCT,People's United Financial,Financials,Thrifts & Mortgage Finance,"Bridgeport, Connecticut",13/11/2008,@,
PEP,PepsiCo Inc.,Consumer Staples,Soft Drinks,"Purchase, New York",@,1898,
PKI,PerkinElmer,Health Care,Health Care Equipment,"Waltham, Massachusetts",31/05/1985,@,
PRGO,Perrigo,Health Care,Pharmaceuticals,"Dublin, Ireland",19/12/2011,@,
PFE,Pfizer Inc.,Health Care,Pharmaceuticals,"New York, New York",@,1849,
PM,Philip Morris International,Consumer Staples,Tobacco,"New York, New York",31/03/2008,@,
PSX,Phillips 66,Energy,Oil & Gas Refining & Marketing,"Houston, Texas",01/05/2012,@,
PNW,Pinnacle West Capital,Utilities,Multi-Utilities,"Phoenix, Arizona",@,1985,
PXD,Pioneer Natural Resources,Energy,Oil & Gas Exploration & Production,"Irving, Texas",24/09/2008,@,
PNC,PNC Financial Services,Financials,Regional Banks,"Pittsburgh, Pennsylvania",30/04/1988,@,
PPG,PPG Industries,Materials,Specialty Chemicals,"Pittsburgh, Pennsylvania",@,1883,
PPL,PPL Corp.,Utilities,Electric Utilities,"Allentown, Pennsylvania",@,@,
PFG,Principal Financial Group,Financials,Life & Health Insurance,"Des Moines, Iowa",22/07/2002,@,
PG,Procter & Gamble,Consumer Staples,Personal Products,"Cincinnati, Ohio",@,1837,
PGR,Progressive Corp.,Financials,Property & Casualty Insurance,"Mayfield Village, Ohio",04/08/1997,@,
PLD,Prologis,Real Estate,Industrial REITs,"San Francisco, California",17/07/2003,@,
PRU,Prudential Financial,Financials,Life & Health Insurance,"Newark, New Jersey",22/07/2002,@,
PEG,Public Serv. Enterprise Inc.,Utilities,Electric Utilities,"Newark, New Jersey",@,@,
PSA,Public Storage,Real Estate,Specialized REITs,"Glendale, California",19/08/2005,@,
PHM,PulteGroup,Consumer Discretionary,Homebuilding,"Atlanta, Georgia",30/04/1984,@,
PVH,PVH Corp.,Consumer Discretionary,"Apparel, Accessories & Luxury Goods","New York, New York",15/02/2013,@,
QRVO,Qorvo,Information Technology,Semiconductors,"Greensboro, North Carolina",11/06/2015,2015,
PWR,Quanta Services Inc.,Industrials,Construction & Engineering,"Houston, Texas",01/07/2009,@,
QCOM,QUALCOMM Inc.,Information Technology,Semiconductors,"San Diego, California",@,1985,
DGX,Quest Diagnostics,Health Care,Health Care Services,"Secaucus, New Jersey",12/12/2002,@,
RL,Ralph Lauren Corporation,Consumer Discretionary,"Apparel, Accessories & Luxury Goods","New York, New York",02/02/2007,@,
RJF,Raymond James Financial Inc.,Financials,Investment Banking & Brokerage,"St. Petersburg, Florida",20/03/2017,@,
RTN,Raytheon Co.,Industrials,Aerospace & Defense,"Waltham, Massachusetts",@,1922,
O,Realty Income Corporation,Real Estate,Retail REITs,"San Diego, California",07/04/2015,@,
REG,Regency Centers Corporation,Real Estate,Retail REITs,"Jacksonville, Florida",02/03/2017,@,
REGN,Regeneron Pharmaceuticals,Health Care,Biotechnology,"Tarrytown, New York",01/05/2013,@,
RF,Regions Financial Corp.,Financials,Regional Banks,"Birmingham, Alabama",28/08/1998,@,
RSG,Republic Services Inc,Industrials,Environmental & Facilities Services,"Phoenix, Arizona",05/12/2008,@,
RMD,ResMed,Health Care,Health Care Equipment,"San Diego, California",26/07/2017,@,
RHI,Robert Half International,Industrials,Human Resource & Employment Services,"Menlo Park, California",05/12/2000,@,
ROK,Rockwell Automation Inc.,Industrials,Electrical Components & Equipment,"Milwaukee, Wisconsin",@,@,
ROL,Rollins Inc.,Industrials,Environmental & Facilities Services,"Atlanta, Georgia",01/10/2018,1948,
ROP,Roper Technologies,Industrials,Industrial Conglomerates,"Sarasota, Florida",23/12/2009,@,
ROST,Ross Stores,Consumer Discretionary,Apparel Retail,"Dublin, California",21/12/2009,@,
RCL,Royal Caribbean Cruises Ltd,Consumer Discretionary,"Hotels, Resorts & Cruise Lines","Miami, Florida",05/12/2014,@,
SPGI,"S&P Global, Inc.",Financials,Financial Exchanges & Data,"New York, New York",@,@,
CRM,Salesforce.com,Information Technology,Application Software,"San Francisco, California",15/09/2008,@,
SBAC,SBA Communications,Real Estate,Specialized REITs,"Boca Raton, Florida",01/09/2017,@,
SLB,Schlumberger Ltd.,Energy,Oil & Gas Equipment & Services,"Cura��ao, Kingdom of the Netherl",31/03/1965,1926,
STX,Seagate Technology,Information Technology,"Technology Hardware, Storage & Peripherals","Dublin, Ireland",02/07/2012,@,
SEE,Sealed Air,Materials,Paper Packaging,"Charlotte, North Carolina",@,@,
SRE,Sempra Energy,Utilities,Multi-Utilities,"San Diego, California",@,@,
NOW,ServiceNow,Information Technology,Systems Software,"Santa Clara, California",21/11/2019,2003,
SHW,Sherwin-Williams,Materials,Specialty Chemicals,"Cleveland, Ohio",30/06/1964,1866,
SPG,Simon Property Group Inc,Real Estate,Retail REITs,"Indianapolis, Indiana",26/06/2002,2003,2003
SWKS,Skyworks Solutions,Information Technology,Semiconductors,"Woburn, Massachusetts",12/03/2015,@,
SLG,SL Green Realty,Real Estate,Office REITs,"New York, New York",20/03/2015,@,
SNA,Snap-on,Industrials,Industrial Machinery,"Kenosha, Wisconsin",30/09/1982,1920,1920
SO,Southern Co.,Utilities,Electric Utilities,"Atlanta, Georgia",@,@,
LUV,Southwest Airlines,Industrials,Airlines,"Dallas, Texas",01/07/1994,@,
SWK,Stanley Black & Decker,Industrials,Industrial Machinery,"New Britain, Connecticut",30/09/1982,@,
SBUX,Starbucks Corp.,Consumer Discretionary,Restaurants,"Seattle, Washington",@,1971,
STT,State Street Corp.,Financials,Asset Management & Custody Banks,"Boston, Massachusetts",@,@,
STE,STERIS plc,Health Care,Health Care Equipment,"Dublin, Ireland",23/12/2019,1985,
SYK,Stryker Corp.,Health Care,Health Care Equipment,"Kalamazoo, Michigan",12/12/2000,@,
SIVB,SVB Financial,Financials,Regional Banks,"Santa Clara, California",19/03/2018,@,
SYF,Synchrony Financial,Financials,Consumer Finance,"Stamford, Connecticut",18/11/2015,2003,
SNPS,Synopsys Inc.,Information Technology,Application Software,"Mountain View, California",16/03/2017,@,
SYY,Sysco Corp.,Consumer Staples,Food Distributors,"Houston, Texas",31/12/1986,@,
TMUS,T-Mobile US,Communication Services,Wireless Telecommunication Services,"Bellevue, Washington",15/07/2019,1994,
TROW,T. Rowe Price Group,Financials,Asset Management & Custody Banks,"Baltimore, Maryland",@,1937,
TTWO,Take-Two Interactive,Communication Services,Interactive Home Entertainment,"New York, New York",19/03/2018,@,
TPR,"Tapestry, Inc.",Consumer Discretionary,"Apparel, Accessories & Luxury Goods","New York, New York",@,2017,
TGT,Target Corp.,Consumer Discretionary,General Merchandise Stores,"Minneapolis, Minnesota",31/12/1976,@,
TEL,TE Connectivity Ltd.,Information Technology,Electronic Manufacturing Services,"Schaffhausen, Switzerland",17/10/2011,@,
FTI,TechnipFMC,Energy,Oil & Gas Equipment & Services,"London, United Kingdom",05/06/2009,2017 (1958),
TFX,Teleflex,Health Care,Health Care Equipment,"Wayne, Pennsylvania",18/01/2019,1943,
TXN,Texas Instruments,Information Technology,Semiconductors,"Dallas, Texas",@,1930,
TXT,Textron Inc.,Industrials,Aerospace & Defense,"Providence, Rhode Island",31/12/1978,@,
TMO,Thermo Fisher Scientific,Health Care,Life Sciences Tools & Services,"Waltham, Massachusetts",@,2006 (1902),
TIF,Tiffany & Co.,Consumer Discretionary,"Apparel, Accessories & Luxury Goods","New York, New York",21/06/2000,@,
TJX,TJX Companies Inc.,Consumer Discretionary,Apparel Retail,"Framingham, Massachusetts",30/09/1985,@,
TSCO,Tractor Supply Company,Consumer Discretionary,Specialty Stores,"Brentwood, Tennessee",24/01/2014,@,
TT,Trane Technologies plc,Industrials,Building Products,"Dublin, Ireland",17/11/2010,@,
TDG,TransDigm Group,Industrials,Aerospace & Defense,"Cleveland, Ohio",03/06/2016,@,
TRV,The Travelers Companies Inc.,Financials,Property & Casualty Insurance,"New York, New York",21/08/2002,@,
TFC,Truist Financial,Financials,Regional Banks,"Charlotte, North Carolina",04/12/1997,@,
TWTR,"Twitter, Inc.",Communication Services,Interactive Media & Services,"San Francisco, California",07/06/2018,@,
TSN,Tyson Foods,Consumer Staples,Packaged Foods & Meats,"Springdale, Arkansas",@,@,
UDR,"UDR, Inc.",Real Estate,Residential REITs,"Highlands Ranch, Colorado",07/03/2016,@,
ULTA,Ulta Beauty,Consumer Discretionary,Specialty Stores,"Bolingbrook, Illinois",18/04/2016,1990,
USB,U.S. Bancorp,Financials,Diversified Banks,"Minneapolis, Minnesota",@,1968,
UAA,Under Armour Class A,Consumer Discretionary,"Apparel, Accessories & Luxury Goods","Baltimore, Maryland",01/05/2014,@,
UA,Under Armour Class C,Consumer Discretionary,"Apparel, Accessories & Luxury Goods","Baltimore, Maryland",08/04/2016,@,
UNP,Union Pacific Corp,Industrials,Railroads,"Omaha, Nebraska",@,@,
UAL,United Airlines Holdings,Industrials,Airlines,"Chicago, Illinois",03/09/2015,@,
UNH,United Health Group Inc.,Health Care,Managed Health Care,"Minnetonka, Minnesota",01/07/1994,@,
UPS,United Parcel Service,Industrials,Air Freight & Logistics,"Atlanta, Georgia",22/07/2002,@,
URI,"United Rentals, Inc.",Industrials,Trading Companies & Distributors,"Stamford, Connecticut",20/09/2014,@,
UTX,United Technologies,Industrials,Aerospace & Defense,"Hartford, Connecticut",@,@,
UHS,"Universal Health Services, Inc.",Health Care,Health Care Facilities,"King of Prussia, Pennsylvania",20/09/2014,@,
UNM,Unum Group,Financials,Life & Health Insurance,"Chattanooga, Tennessee",01/03/1994,@,
VFC,V.F. Corp.,Consumer Discretionary,"Apparel, Accessories & Luxury Goods","Greensboro, North Carolina",30/06/1979,@,
VLO,Valero Energy,Energy,Oil & Gas Refining & Marketing,"San Antonio, Texas",@,1980,
VAR,Varian Medical Systems,Health Care,Health Care Equipment,"Palo Alto, California",12/02/2007,@,
VTR,Ventas Inc,Real Estate,Health Care REITs,"Chicago, Illinois",04/03/2009,@,
VRSN,Verisign Inc.,Information Technology,Internet Services & Infrastructure,"Dulles, Virginia",01/02/2006,@,
VRSK,Verisk Analytics,Industrials,Research & Consulting Services,"Jersey City, New Jersey",08/10/2015,@,
VZ,Verizon Communications,Communication Services,@,Integrated Telecommunication Services,"New York, New York",732712,
VRTX,Vertex Pharmaceuticals Inc,Health Care,Biotechnology,"Cambridge, Massachusetts",23/09/2013,@,
VIAC,ViacomCBS,Communication Services,Movies & Entertainment,"New York, New York",@,@,
V,Visa Inc.,Information Technology,Data Processing & Outsourced Services,"San Francisco, California",21/12/2009,@,
VNO,Vornado Realty Trust,Real Estate,Office REITs,"New York, New York",@,@,
VMC,Vulcan Materials,Materials,Construction Materials,"Birmingham, Alabama",30/06/1999,@,
WRB,W. R. Berkley Corporation,Financials,Property & Casualty Insurance,"Greenwich, Connecticut",05/12/2019,1967,
WAB,Wabtec Corporation,Industrials,Construction Machinery & Heavy Trucks,"Wilmerding, Pennsylvania",27/02/2019,1999 (1869),
WMT,Walmart,Consumer Staples,Hypermarkets & Super Centers,"Bentonville, Arkansas",31/08/1982,@,
WBA,Walgreens Boots Alliance,Consumer Staples,Drug Retail,"Deerfield, Illinois",31/12/1979,2014,
DIS,The Walt Disney Company,Communication Services,Movies & Entertainment,"Burbank, California",30/06/1976,@,
WM,Waste Management Inc.,Industrials,Environmental & Facilities Services,"Houston, Texas",@,1968,
WAT,Waters Corporation,Health Care,Health Care Distributors,"Milford, Massachusetts",@,1958,
WEC,Wec Energy Group Inc,Utilities,Electric Utilities,"Milwaukee, Wisconsin",31/10/2008,@,
WFC,Wells Fargo,Financials,Diversified Banks,"San Francisco, California",30/06/1976,@,
WELL,Welltower Inc.,Real Estate,Health Care REITs,"Toledo, Ohio",30/01/2009,@,
WDC,Western Digital,Information Technology,"Technology Hardware, Storage & Peripherals","Irvine, California",01/07/2009,@,
WU,Western Union Co,Information Technology,Data Processing & Outsourced Services,"Englewood, Colorado",@,1851,
WRK,WestRock,Materials,Paper Packaging,"Richmond, Virginia",@,2015,
WY,Weyerhaeuser,Real Estate,Specialized REITs,"Federal Way, Washington",@,@,
WHR,Whirlpool Corp.,Consumer Discretionary,Household Appliances,"Benton Harbor, Michigan",@,1911,
WMB,Williams Cos.,Energy,Oil & Gas Storage & Transportation,"Tulsa, Oklahoma",31/03/1975,@,
WLTW,Willis Towers Watson,Financials,Insurance Brokers,"London, United Kingdom",05/01/2016,@,
WYNN,Wynn Resorts Ltd,Consumer Discretionary,Casinos & Gaming,"Paradise, Nevada",14/11/2008,@,
XEL,Xcel Energy Inc,Utilities,Multi-Utilities,"Minneapolis, Minnesota",@,1909,
XRX,Xerox,Information Technology,"Technology Hardware, Storage & Peripherals","Norwalk, Connecticut",@,1906,
XLNX,Xilinx,Information Technology,Semiconductors,"San Jose, California",08/11/1999,@,
XYL,Xylem Inc.,Industrials,Industrial Machinery,"White Plains, New York",01/11/2011,@,
YUM,Yum! Brands Inc,Consumer Discretionary,Restaurants,"Louisville, Kentucky",06/10/1997,@,
ZBRA,Zebra Technologies,Information Technology,Electronic Equipment & Instruments,"Lincolnshire, Illinois",23/12/2019,1969,1969
ZBH,Zimmer Biomet Holdings,Health Care,Health Care Equipment,"Warsaw, Indiana",07/08/2001,@,
ZION,Zions Bancorp,Financials,Regional Banks,"Salt Lake City, Utah",22/06/2001,@,
ZTS,Zoetis,Health Care,Pharmaceuticals,"Florham Park, New Jersey",21/06/2013,@,
